Date,Open,High,Low,Close,Adj Close,Volume
01/04/2021,42744.38672,43209.375,42456.69531,42717.40625,42717.40625,44577555047
02/04/2021,42719.625,43551.60156,42536.23438,42937.23438,42937.23438,42462592343
03/04/2021,42946.70313,43462.12891,41649.91797,41649.91797,41649.91797,43123077715
04/04/2021,41650.60156,42596.99609,41335.23828,42484.43359,42484.43359,36693731816
05/04/2021,42486.10938,43068.42969,41735.28516,42449.08984,42449.08984,43633907914
06/04/2021,42531.07031,42773.48828,41633.21875,42070.80469,42070.80469,47757377972
07/04/2021,42066.57813,42488.75,40500.69141,40787.98828,40787.98828,55048675969
08/04/2021,40825.08594,42474.21875,40664.82813,42467.12891,42467.12891,38629838639
09/04/2021,42469.02734,42948.54688,42177.83203,42488.21484,42488.21484,34033761599
10/04/2021,42494.61719,44699.73438,42337.72656,43624.00781,43624.00781,42489681564
11/04/2021,43662.67188,44351.63281,43250.36328,43921.44922,43921.44922,33762925225
12/04/2021,43900.27734,44602.99219,43317.42969,43547.57031,43547.57031,37683810163
13/04/2021,43545.07422,46382.13672,43541.50391,46153.99609,46153.99609,50863624713
14/04/2021,46168.74609,47126.48047,44665.94531,45808.17188,45808.17188,56218374286
15/04/2021,45783.13281,46296.49609,45169.92969,45932.60547,45932.60547,44220758067
16/04/2021,45892.33594,46179.625,43681.44922,44514.04688,44514.04688,60939629749
17/04/2021,44483.05469,45236.55469,43634.19531,43867.30469,43867.30469,47810584665
18/04/2021,43880.36328,44137.39844,38187.77734,40683.82031,40683.82031,70538515622
19/04/2021,40666.01953,41443.48828,38893.76953,39827.08203,39827.08203,46703085992
20/04/2021,39796.72266,40948.48438,38191.625,40517.08594,40517.08594,48679108116
21/04/2021,40515.71875,40711.98047,38546.63672,38694.86719,38694.86719,39427420960
22/04/2021,38659.70703,39957.08984,36556.92188,37403.72656,37403.72656,54049939392
23/04/2021,37387.49609,37649.40234,34365.67578,36814.40625,36814.40625,62447201527
24/04/2021,36850.125,36867.66016,35165.86719,36063.35156,36063.35156,35316609982
25/04/2021,36064.76563,36404.6875,33985.625,35344.02344,35344.02344,33261691943
26/04/2021,35397.0625,39038.82813,35216.85938,38879.51172,38879.51172,41947081746
27/04/2021,38885.66406,39864.13672,38401.8125,39583.33984,39583.33984,35566326493
28/04/2021,39585.87109,40314.85156,38843.92188,39287.93359,39287.93359,34397690585
29/04/2021,39311.85547,39490.83203,37589.125,38385.625,38385.625,33034240420
30/04/2021,38395.33984,41906.91797,38087.17578,41797.96094,41797.96094,37922708484
01/05/2021,41772.25781,42303.26953,41291.18359,41852.64844,41852.64844,31002564447
02/05/2021,41851.0625,41906.59766,40632.3125,40981.47656,40981.47656,27627346613
03/05/2021,40973.65625,42579.67188,40963.30078,41141.25391,41141.25391,37194623535
04/05/2021,41151.24219,41151.24219,38296.65625,38403.98828,38403.98828,49371525675
05/05/2021,38345.39453,41636.41797,38130.19922,41285.50781,41285.50781,49781667847
06/05/2021,41297.94531,41949.21484,39866.875,40586.37109,40586.37109,50033196883
07/05/2021,40598.92188,41887.91797,39771.26172,41003.86328,41003.86328,48923209576
08/05/2021,41001.26172,42520.28906,40740.23828,42047.75781,42047.75781,46752231068
09/05/2021,42100.39453,42338.85938,40417.90234,41474.51172,41474.51172,46940392533
10/05/2021,41487.72656,42457.59766,38260.47656,39529.29688,39529.29688,50792816541
11/05/2021,39520.41016,40215.60156,38653.75,40114.46094,40114.46094,43371337504
12/05/2021,40121.50391,41050.61719,34952.02734,34952.02734,34952.02734,53487328457
13/05/2021,35367.96094,36525.74609,33425.95313,35394.64844,35394.64844,68859077287
14/05/2021,35371.00391,36505.99219,34790.17578,35373.52734,35373.52734,39527082381
15/05/2021,35355.77344,35911.87891,33092.57422,33160.6875,33160.6875,41954944232
16/05/2021,33129.80469,35259.71484,31171.81836,32945.24219,32945.24219,45420829071
17/05/2021,32916.76172,33074.28516,29860.13672,30774.96875,30774.96875,52946460778
18/05/2021,30740.01172,32307.9082,29858.51758,30244.34766,30244.34766,39603214780
19/05/2021,30269.42188,30690.51953,21668.86914,26229.47656,26229.47656,89569949161
20/05/2021,26053.13281,30012.96484,24829.12109,28750.52539,28750.52539,62235945046
21/05/2021,28619.54883,29730.0332,23753.75586,26359.9043,26359.9043,57978575042
22/05/2021,26406.78125,27441.47852,25005.25977,26526.72461,26526.72461,40547887849
23/05/2021,26523.0625,27058.56836,22068.01758,24590.24414,24590.24414,55494569398
24/05/2021,24540.58203,28139.70117,24415.52148,27343.99414,27343.99414,47586447625
25/05/2021,27407.43359,28086.99609,25827.8418,27153.79102,27153.79102,39746827333
26/05/2021,27147.00195,28844.26758,26785.36133,27838.56445,27838.56445,36377364725
27/05/2021,27854.64063,28510.75586,26399.75,27064.46875,27064.46875,30425966561
28/05/2021,27113.83789,27369.06055,24510.42383,25157.78125,25157.78125,38902169677
29/05/2021,25148.30273,26240.90039,23745.69531,24395.57031,24395.57031,31876420955
30/05/2021,24389.46484,25653.26172,23623.63867,25160.89453,25160.89453,22317417541
31/05/2021,25147.11719,26343.32617,24125.57227,26240.62891,26240.62891,27419358738
01/06/2021,26213.17188,26635.38086,25270.58594,25915.80859,25915.80859,24470778112
02/06/2021,25926.4043,26970.18359,25400.48438,26514.88867,26514.88867,23336424362
03/06/2021,26531.98633,27811.6582,26282.92383,27791.56445,27791.56445,25134934510
04/06/2021,27815.4668,27815.4668,25265.03711,26054.0918,26054.0918,29540279268
05/06/2021,26044.0293,26776.73047,24645.97266,25106.08203,25106.08203,25393860925
06/06/2021,25096.6543,25730.67188,24931.88281,25317.83398,25317.83398,20412079477
07/06/2021,25298.69336,26009.35156,23617.84766,23674.99805,23674.99805,23761928912
08/06/2021,23695.32422,23983.99414,21996.16797,23656.94922,23656.94922,35268523660
09/06/2021,23617.61523,26601.19531,22936.79492,26464.62109,26464.62109,38247909055
10/06/2021,26496.08008,27197.97461,25285.09961,25901.39063,25901.39063,30752042145
11/06/2021,25897.46289,26566.17969,25437.50586,26464.22852,26464.22852,27432037664
12/06/2021,26468.29883,26517.05469,24616.83398,25201.15234,25201.15234,26882323938
13/06/2021,25203.47266,27870.2168,24713.17969,27693.75781,27693.75781,28806705336
14/06/2021,27636.46094,29022.68164,27469.88477,28503.63867,28503.63867,30580498807
15/06/2021,28651.54297,29325.79297,28140.50781,28696.28906,28696.28906,32967311431
16/06/2021,28527.5625,28709.21484,27288.87891,27412.0918,27412.0918,28030123658
17/06/2021,27408.06055,28276.14063,26895.35156,27302.01953,27302.01953,26615525278
18/06/2021,27335.00391,27395.27344,25512.58203,25911.18164,25911.18164,26210673217
19/06/2021,25959.89844,26396.68359,25292.72461,25787.09961,25787.09961,22595131564
20/06/2021,25748.92188,26102.08984,24205.95898,25838.49805,25838.49805,26537501177
21/06/2021,25797.13281,25850.21484,22467.07031,22750.32813,22750.32813,37927662754
22/06/2021,22711.31836,23873.65234,20797.25391,23302.39648,23302.39648,42269893706
23/06/2021,23309.60547,24851.81445,22784.47266,24145.11523,24145.11523,33162262599
24/06/2021,24116.3125,25307.98438,23195.8457,24907.73242,24907.73242,23801789861
25/06/2021,24905.33984,25470.12109,22578.96875,22785.5918,22785.5918,28974377685
26/06/2021,22754.53906,23505.65625,21740.50781,23180.62109,23180.62109,27789271823
27/06/2021,23253.53906,24943.74805,23098.14453,24934.47266,24934.47266,25554780485
28/06/2021,24955.68555,25288.93945,24404.17188,24811.00586,24811.00586,24420614032
29/06/2021,24840.70898,26397.2168,24703.20117,25915.36523,25915.36523,27384752419
30/06/2021,25944.70898,26048.06836,24692.99609,25339.00977,25339.00977,24629042656
01/07/2021,25335.5,25335.5,23907.79102,24400.11523,24400.11523,27501240488
02/07/2021,24383.74805,24661.625,23817.79688,24518.65039,24518.65039,28013713258
03/07/2021,24487.81641,25255.38281,24161.07227,25081.23828,25081.23828,17640769952
04/07/2021,25079.08008,25977.25391,24884.40625,25513.55859,25513.55859,18020623560
05/07/2021,25511.07422,25511.07422,23973.32227,24356.91992,24356.91992,19286869677
06/07/2021,24340.68555,25287.52148,24375.66406,24800.55664,24800.55664,19197963171
07/07/2021,24793.66406,25307.93164,24521.47266,24533.09375,24533.09375,17968317331
08/07/2021,24557.93359,24574.58594,23340.00195,23841.48633,23841.48633,21689943091
09/07/2021,23830.10156,24478.17773,23444.73047,24302.52734,24302.52734,19727925792
10/07/2021,24312.04102,24598.09961,23820.18359,24111.14258,24111.14258,16523553726
11/07/2021,24102.91211,24886.42773,23986.14258,24636.77344,24636.77344,14468793826
12/07/2021,24646.72461,24911.54102,23553.4082,23876.22266,23876.22266,17514422568
13/07/2021,23854.3457,24055.00195,23355.75195,23687.45117,23687.45117,13850039561
14/07/2021,23703.25586,23857.27148,22850.59766,23687.49609,23687.49609,15427186056
15/07/2021,23691.48242,23961.25586,22580.75391,22982.71289,22982.71289,15403793610
16/07/2021,23026.69531,23366.39844,22510.16992,22827.11914,22827.11914,17217195992
17/07/2021,22809.51758,23200.82422,22683.60547,22908.14258,22908.14258,13726853361
18/07/2021,22908.73633,23537.22266,22661.79102,23102.16406,23102.16406,13650524440
19/07/2021,23104.49023,23187.01563,22318.83203,22547.86719,22547.86719,14951113770
20/07/2021,22562.83203,22679.69141,21560.89453,21861.87109,21861.87109,16977841980
21/07/2021,21853.75781,23887.74609,21666.75586,23417.94336,23417.94336,20568127374
22/07/2021,23438.49414,23700.4707,23076.00781,23461.60938,23461.60938,14198485777
23/07/2021,23456.41992,24414.05664,23298.20313,24414.05664,24414.05664,16395517998
24/07/2021,24422.91016,25086.6543,24300.14063,24942.67969,24942.67969,15757867868
25/07/2021,24941.11133,25706.62305,24644.02148,25695.91016,25695.91016,15160641108
26/07/2021,25720.50977,29317.83789,25657.89844,27004.93164,27004.93164,36902518115
27/07/2021,26960.45313,28387.02734,26366.82813,28387.02734,28387.02734,25282601467
28/07/2021,28456.35742,29417.73242,27999.80273,28761.73633,28761.73633,27831557157
29/07/2021,28761.41016,29097.19531,28298.61719,28650.71094,28650.71094,19454855111
30/07/2021,28664.36133,30379.81836,27460.71289,30379.81836,30379.81836,23789087419
31/07/2021,30351.58984,30376.86914,29565.51367,29936.14453,29936.14453,18556529074
01/08/2021,29817.22852,30594.5293,28452,28767.21484,28767.21484,19205854098
02/08/2021,28718.54297,29025.74219,27903.02734,28222.42188,28222.42188,18426645874
03/08/2021,28205.47266,28603.08789,27161.78125,27413.79492,27413.79492,18817995544
04/08/2021,27457.1582,28771.36719,26983.5332,28617.36914,28617.36914,18267712337
05/08/2021,28615.21484,29680.49219,26927.39844,29344.91211,29344.91211,25263344860
06/08/2021,29342.26367,31191.29297,28688.67578,30858.75,30858.75,27550629087
07/08/2021,30870.49609,32203.11133,30716.0957,32106.50977,32106.50977,28845878981
08/08/2021,32119.93945,32630.05664,31224.58398,31585.01172,31585.01172,26179666684
09/08/2021,31580.54883,33527.71094,30909.11523,33485.27734,33485.27734,27973906826
10/08/2021,33424.21484,33688.48438,32316.8418,32947.62891,32947.62891,24246157165
11/08/2021,32958.23438,33707.32813,32789.92188,32880.76172,32880.76172,24750344592
12/08/2021,32868.67969,33324.66406,31730.51172,32168.6582,32168.6582,24417857448
13/08/2021,32176.91602,34498.38281,32067.82031,34470.50391,34470.50391,22895261494
14/08/2021,34483.03125,34690.74219,33305.20313,33968.25,33968.25,22510908489
15/08/2021,33968.04688,34155.88672,32873.87109,33937.35547,33937.35547,22353885175
16/08/2021,33917.84766,34621.17188,33025.24609,33237.87109,33237.87109,23681031135
17/08/2021,33188.72266,34185.99219,32405.12891,32529.41602,32529.41602,24346002054
18/08/2021,32523.15039,33419.69531,32275.89453,32598.7793,32598.7793,23425474162
19/08/2021,32555.62695,34452.96094,32064.08008,34274.67969,34274.67969,27295204148
20/08/2021,34278.74609,36214.42578,34216.42969,36212.24219,36212.24219,25472931832
21/08/2021,36203.35938,36489.55859,35457.19141,35900.54297,35900.54297,29792787516
22/08/2021,35873.83203,36307.95703,35382.61328,36200.8125,36200.8125,18621636282
23/08/2021,36178.80859,36897.65234,35753.00781,36103.48438,36103.48438,24997543764
24/08/2021,36115.28906,36321.37109,34744.69141,34759.10547,34759.10547,25764465863
25/08/2021,34774.50781,35756.66797,34354.68359,35570.94141,35570.94141,23718193505
26/08/2021,35601.35156,35858.71875,33794.03516,34263.26563,34263.26563,23843412530
27/08/2021,34228.47656,35679.45703,33884.76172,35640.14063,35640.14063,25071607215
28/08/2021,35650.25,35803.48047,35233.72656,35526.61719,35526.61719,20754155759
29/08/2021,35533.04297,36065.45703,34817.17578,35481.66016,35481.66016,18812429561
30/08/2021,35485.30859,35561.67578,34126.74609,34199.42188,34199.42188,23146309158
31/08/2021,34177.15234,34956.94141,33976.98828,34297.01953,34297.01953,25254010114
01/09/2021,34248.36719,35641.98047,33898.48047,35470.32031,35470.32031,28421113814
02/09/2021,35441.86719,36453.01563,35318.32422,35651.07031,35651.07031,28554023234
03/09/2021,35622.53906,36779.62891,34955.94922,36080.35156,36080.35156,31162068194
04/09/2021,36068.77734,36472.83203,35736.61328,36022.11328,36022.11328,27025857929
05/09/2021,36017.23047,37419.57031,35729.26953,37346.29688,37346.29688,21881449685
06/09/2021,37357.55078,38081.91016,36877.44922,38032.67578,38032.67578,28097421276
07/09/2021,38052.14453,38163.21875,31410.21484,33972.05469,33972.05469,47324635774
08/09/2021,33984.125,34340.71484,32399.56445,33479.95703,33479.95703,35598356531
09/09/2021,33249.94922,34105.6875,33169.47656,33523.18359,33523.18359,27945480720
10/09/2021,33526.96875,33989.93359,32052.41602,32444.64844,32444.64844,28303224832
11/09/2021,32434.47852,33226.83594,32397.19727,32671.83984,32671.83984,24936653414
12/09/2021,32675.57813,33506.69141,32374.76953,33285.59375,33285.59375,20147686156
13/09/2021,33281.21875,33683.99609,31514.51953,32493.32813,32493.32813,29607625980
14/09/2021,32491.14453,34201.50391,32335.39453,34104.90234,34104.90234,27992314290
15/09/2021,34108.88672,34986.80859,33854.8125,34794.30469,34794.30469,22016756914
16/09/2021,34781.71094,35079.6875,34132.49219,34629.07813,34629.07813,23019901326
17/09/2021,34620.125,34881.80078,34093.1875,34400.16797,34400.16797,20907340574
18/09/2021,34404.53906,35509.48438,34268.99609,35135.83594,35135.83594,20796658027
19/09/2021,35128.91406,35172.22656,34186.94141,34424.01172,34424.01172,19643100403
20/09/2021,34424.87891,34478.82813,31187.43359,31359.69336,31359.69336,32139987157
21/09/2021,31482.97656,31870.62109,29122.82031,29796.1543,29796.1543,35659230369
22/09/2021,29784.64258,32173.04297,29749.05469,32001.77344,32001.77344,28010374566
23/09/2021,31991.33398,32749.00391,31653.76367,32719.86133,32719.86133,24957313865
24/09/2021,32719.28125,32876.66016,29922.28906,31304.16406,31304.16406,31303866576
25/09/2021,31304.99609,31418.52734,30515.10156,31214.16797,31214.16797,23094420212
26/09/2021,31217.84766,32125.7832,29849.07422,31611.8418,31611.8418,22432087345
27/09/2021,31630.60547,32400.78125,30784.85938,30827.18555,30827.18555,22611827530
28/09/2021,30801.75977,31206.60742,30229.42383,30302.57422,30302.57422,22312676074
29/09/2021,30325.05273,31551.69141,30157.08008,30955.47461,30955.47461,22791413563
30/09/2021,30945.72461,32719.75195,30865.81055,32513.4707,32513.4707,23121795721
01/10/2021,32532.66016,35756.67578,32198.38672,35522.47656,35522.47656,31634614700
02/10/2021,35537.62891,35645.67969,35042.82813,35224.4375,35224.4375,22601959728
03/10/2021,35201.21094,36272.20703,34815.28125,35519.17188,35519.17188,19629973887
04/10/2021,35525.76953,36324.07422,34599.39063,36094.25,36094.25,24534095035
05/10/2021,36139.85938,38045.3125,36055.38672,37804.09375,37804.09375,26326028750
06/10/2021,37783.4375,40892.22266,37254.52734,40730.46875,40730.46875,36075782644
07/10/2021,40713.67578,40713.67578,39267.62109,39507.04297,39507.04297,27026171508
08/10/2021,39504.22656,41124.08203,39468.98828,39642.89063,39642.89063,25563503954
09/10/2021,39614.92969,40693.39063,39471.95703,40377.73438,40377.73438,23866906712
10/10/2021,40366.41797,41349.32031,39860.625,40225.89063,40225.89063,29030396546
11/10/2021,40198.38281,42470.14063,40012,42294.43359,42294.43359,31370416797
12/10/2021,42325.36719,42347.67188,40081.67969,41277.03906,41277.03906,30260242654
13/10/2021,41274.97656,42233.40625,39903.89063,41995.04297,41995.04297,30496491126
14/10/2021,41974.36719,42794.5625,41625.02734,41938.32031,41938.32031,26789321284
15/10/2021,41956.15625,45671.4375,41577.55078,44811.87891,44811.87891,37671925373
16/10/2021,44823.21094,45303.6875,43802.17969,44301.31641,44301.31641,24918843768
17/10/2021,44298.01953,44788.37109,43013.04297,44730.89063,44730.89063,21097763405
18/10/2021,44727.39063,45560.67969,43715.57422,45156.34766,45156.34766,27705286413
19/10/2021,45168.78906,46718.77344,44652.53125,46590.65234,46590.65234,29342062534
20/10/2021,46607.03125,48430.22656,46084.28125,47744.69531,47744.69531,29510115951
21/10/2021,47751.49219,48300.25,45034.3125,45108.96875,45108.96875,33288254254
22/10/2021,45129.06641,46153.94922,43742.82422,44114.17188,44114.17188,27935813065
23/10/2021,44115.89063,44878.53906,43484.90625,44615.84766,44615.84766,19536030089
24/10/2021,44597.48047,44697.375,43343.89453,44274.35547,44274.35547,19848840642
25/10/2021,44247.53906,46318.98438,44083.85156,45801.90234,45801.90234,22570366858
26/10/2021,45796.76953,45951.75781,43582.55859,43851.45703,43851.45703,25337929188
27/10/2021,43842.89063,44604.40234,42324.74609,42588.80469,42588.80469,31792524077
28/10/2021,42580.31641,45052.57813,42209.44531,43934.01563,43934.01563,32798668114
29/10/2021,43935.99609,46000.96484,43720.52344,45471.65234,45471.65234,26932318643
30/10/2021,45479.98438,45546.32031,44514.70703,45223.83984,45223.83984,23498674011
31/10/2021,45195.82422,45601.875,43897.93359,44813.85547,44813.85547,23562900625
01/11/2021,44814.94531,45719.05078,43643.20703,44676.82031,44676.82031,26475016624
02/11/2021,44646.68359,47177.01953,44440.16016,46430.30859,46430.30859,27719263918
03/11/2021,46450.82031,46634.32422,44794.75781,45983.87891,45983.87891,26380085185
04/11/2021,45963.25391,46119.26172,45063.49219,45493.08594,45493.08594,24145511461
05/11/2021,45498.89844,46357.92578,45110.67969,45268.20703,45268.20703,22665404349
06/11/2021,45226.14063,45629.51953,44572.39844,45582.69531,45582.69531,21555011113
07/11/2021,45603.02344,46941.69922,45512.32031,46941.69922,46941.69922,18328929167
08/11/2021,46954.35938,49895.64453,46954.35938,49813.44141,49813.44141,30319731365
09/11/2021,49800.83984,50548.25391,48966.79297,49389.37891,49389.37891,31237536365
10/11/2021,49375.74609,50843.44531,47159.19531,48460.18359,48460.18359,36333510716
11/11/2021,48448,48991.52344,47866.96484,48598.03125,48598.03125,26847253251
12/11/2021,48533.69531,49013.78516,46472.55078,47824.01953,47824.01953,26898906790
13/11/2021,47825.64453,48390.35156,47188.75391,48057.77734,48057.77734,22716526254
14/11/2021,48047.22656,48818.14453,47445.24219,48797.01953,48797.01953,18725253856
15/11/2021,48837.60156,49396.87109,47378.31641,47394.72266,47394.72266,22787486625
16/11/2021,47516.51172,47516.51172,43871.15234,44817.12109,44817.12109,34896687799
17/11/2021,44801.01172,45209.70313,43561.62109,44752.19531,44752.19531,29043843782
18/11/2021,44746.35938,45177.76953,41886.37891,42181.53906,42181.53906,30659612153
19/11/2021,42147.45703,43314.26563,41308.06641,43227.65625,43227.65625,28785728531
20/11/2021,43224.3125,44522.04297,42744.31641,44401.04297,44401.04297,22777440101
21/11/2021,44425.82031,44629.55078,43599.0625,43720.55078,43720.55078,19446999730
22/11/2021,43702.96484,44079.35547,41592.44922,42016.35156,42016.35156,26152222599
23/11/2021,42027.74609,43254.88672,41562.56641,43040.76953,43040.76953,28025773970
24/11/2021,43038.35938,43207.5625,41948.76563,42224.39063,42224.39063,27485833983
25/11/2021,42888.35547,44566.05078,42863.26953,43024.10938,43024.10938,25753775881
26/11/2021,44290.31641,44471.17969,40161.78906,40161.78906,40161.78906,31345936049
27/11/2021,40286.73828,41468.44922,40223.62891,41083.07813,41083.07813,22904904444
28/11/2021,41081.53906,43024.72266,40154.96094,42913.32813,42913.32813,21076361779
29/11/2021,42945.89844,44253.27344,42566.05469,43416.71875,43416.71875,24312734695
30/11/2021,43434.40625,44255.30859,42107.65234,42876.40234,42876.40234,27610222607
01/12/2021,42803.09766,44320.88281,42635.25391,43105.22266,43105.22266,27761408414
02/12/2021,43095.83594,43053.10156,42017.87891,42465.5,42465.5,24346401315
03/12/2021,42489.07031,43274.24219,39679.49219,40505,40505,30069245563
04/12/2021,40602.96484,40736.57422,32400.99023,37181.71094,37181.71094,46390077248
05/12/2021,37182.32422,37610.53516,36166.62891,37300.1875,37300.1875,28104766104
06/12/2021,37333.91016,38409.97266,35642.85547,38138.13672,38138.13672,28430442965
07/12/2021,38137.53516,39241.66016,37894.82813,38277.14453,38277.14453,25425052262
08/12/2021,38252.65625,38775.72266,36977.25,38234.95703,38234.95703,21560727344
09/12/2021,38193.53906,38466.10156,35827.96875,36048.94531,36048.94531,22385781063
10/12/2021,36026.27344,37809.67969,35431.41406,35596.88672,35596.88672,23332265540
11/12/2021,35612.95703,37270.96875,35370.12109,37198.84766,37198.84766,19424308437
12/12/2021,37193.07813,38218.04297,36719.07031,37789.625,37789.625,16548953814
13/12/2021,37802,37878.46484,34720.78125,35371.25391,35371.25391,24344004748
14/12/2021,35350.32031,36604.5,35137.26172,35233.18359,35233.18359,26182362281
15/12/2021,36568.90234,37296.33594,35316.67578,36869.10547,36869.10547,27553269540
16/12/2021,36871.92578,37246.17188,35678.44922,35777.47656,35777.47656,20467365028
17/12/2021,35768.69922,36024.50391,34353.61719,34909.04688,34909.04688,24860377983
18/12/2021,34921.97656,35717.96484,34452.90625,35366.89063,35366.89063,19702018724
19/12/2021,35370.73438,36303.65625,35105.82422,35306.625,35306.625,19014376932
20/12/2021,35306.66406,35874.80469,34434.17969,35489.68359,35489.68359,23439026845
21/12/2021,35494.07422,37208.14453,35370.63281,36882.5,36882.5,20391391249
22/12/2021,36882.86328,37360.14453,36397.41016,36423.58203,36423.58203,18311952305
23/12/2021,36421.95703,38258.19922,35969.34766,37882.67578,37882.67578,21053573651
24/12/2021,37898.72266,38670.05469,37668.80859,37962.45313,37962.45313,18202001925
25/12/2021,37986.89453,38227.17969,37525.11328,37669.39063,37669.39063,14215249191
26/12/2021,37668.51953,38205.39844,37066.77344,37909.79297,37909.79297,15641854070
27/12/2021,37904.64063,38654.78125,37680.02734,37673.98828,37673.98828,18096121351
28/12/2021,37703.33203,37703.33203,35286.32031,35426.80859,35426.80859,24886742615
29/12/2021,35452.875,35814.03125,34239.14063,34410.51563,34410.51563,22263231371
30/12/2021,34444.51953,35485.99609,34131.9375,34953.32813,34953.32813,19771487466
31/12/2021,34946.84375,35862.83594,33857.28125,34221.20313,34221.20313,27324504990
01/01/2022,34225.12109,35345.14844,34207.93359,35241.31641,35241.31641,18166984239
02/01/2022,35236.96875,35385.125,34628.02734,35014.58203,35014.58203,20671834823
03/01/2022,35013.34375,35182.78516,34011.47656,34458.07813,34458.07813,24529292899
04/01/2022,34458.62109,35015.47266,33836.23438,33923.3125,33923.3125,31408198892
05/01/2022,33924.62891,34685.58594,31572.97852,32143.25,32143.25,27187072110
06/01/2022,32140.67383,32303.83594,31560.64258,31892.86133,31892.86133,22321602914
07/01/2022,31887.42578,31887.42578,30278.39063,30568.53711,30568.53711,61932077610
08/01/2022,30571.16016,31076.95508,29931.37891,30712.67578,30712.67578,20654480328
09/01/2022,30713.25391,31415.64258,30421.41406,30836.37695,30836.37695,15667300713
10/01/2022,30835.36914,31066.96484,29381.33203,30796.75977,30796.75977,23641235646
11/01/2022,30795.4668,31556.3125,30499.79297,31347.34766,31347.34766,19311699056
12/01/2022,31351.98633,32191.7207,31182.67773,32065.04492,32065.04492,24441387767
13/01/2022,32063.32227,32219.19531,30961.84961,31058.37109,31058.37109,34777043378
14/01/2022,31063.69531,31693.10547,30587.69531,31512.51758,31512.51758,17238712805
15/01/2022,31514.12695,31973.01172,31201.0918,31572.82422,31572.82422,13433772873
16/01/2022,31568.90625,31762.51367,31217.17188,31532.32813,31532.32813,13093111007
17/01/2022,31535.42969,31592.50391,30537.25391,30958.20313,30958.20313,15893554588
18/01/2022,30957.85352,31281.28906,30462.89258,31158.20898,31158.20898,16483060104
19/01/2022,31157.03906,31135.15234,30335.8125,30672.85742,30672.85742,16967181063
20/01/2022,30672.63477,31788.83984,29913.35742,29918.94336,29918.94336,14990231827
21/01/2022,29933.05469,30218.57813,26401.68945,26892.88672,26892.88672,31727967970
22/01/2022,26903.41406,27063.64844,25337.86133,25840.20508,25840.20508,29295475251
23/01/2022,25852.82617,26881.4082,25662.08789,26762.3418,26762.3418,19194137326
24/01/2022,26761.55078,27617.32422,24572.56445,27174.64063,27174.64063,31031522124
25/01/2022,27174.99414,27720.06445,26548.76563,27353.75781,27353.75781,19562436647
26/01/2022,27351.17773,28745.67188,27022.44531,27364.39648,27364.39648,23259954972
27/01/2022,27356.79102,27748.94141,26628.75391,27741.40625,27741.40625,18705369739
28/01/2022,27734.09375,28332.46875,27072.4375,28186.73438,28186.73438,16589945182
29/01/2022,28184.03516,28777.50781,27904.85547,28450.69922,28450.69922,12826688632
30/01/2022,28460.94922,28545.27344,27940.99805,28290.92969,28290.92969,10925785791
31/01/2022,28292.92773,28731.76563,27387.00977,28622.98047,28622.98047,15422077825
01/02/2022,28621.9668,28962.17383,28232.125,28646.42773,28646.42773,15001134546
02/02/2022,28646.75391,28717.69531,27137.35938,27243.88281,27243.88281,14122316638
03/02/2022,27237.85352,27323.56641,26843.50977,27323.56641,27323.56641,13672251852
04/02/2022,27319.64258,30691.81641,27269.90039,30655.53516,30655.53516,21725976570
05/02/2022,30655.98242,30911.32813,30313.69141,30611.42773,30611.42773,14517007219
06/02/2022,30611.39648,31404.00195,30466.45898,31340.07422,31340.07422,11927976836
07/02/2022,31335.89648,32805.82813,30853.68164,32385.16992,32385.16992,21157968108
08/02/2022,32395.7832,33506.32031,31597.61914,32566.60547,32566.60547,24417988307
09/02/2022,32550.55664,33048.74609,31882.15234,32764.55273,32764.55273,17177757633
10/02/2022,32771.20703,33494.75391,32068.85938,32153.23047,32153.23047,23722438923
11/02/2022,32157.67188,32278.11133,31034.33008,31250.53711,31250.53711,19863165673
12/02/2022,31253.75195,31686.28516,30859.03125,31147.98828,31147.98828,13384247486
13/02/2022,31142.16016,31478.74023,30931.5625,31098.59766,31098.59766,10864212047
14/02/2022,31069.0332,31648.34375,30749.69531,31470.83984,31470.83984,15391294262
15/02/2022,31470.50391,32987.23047,31393.4375,32920.75,32920.75,16780944962
16/02/2022,32923.01953,32923.01953,32007.93945,32369.29297,32369.29297,14573332010
17/02/2022,32351.04102,32490.21094,29558.25391,29775.08984,29775.08984,19278121343
18/02/2022,29785.46094,30038.35547,29201.46875,29447.10547,29447.10547,17147028147
19/02/2022,29443.46289,29732.45117,29213.24414,29514.17773,29514.17773,10104721856
20/02/2022,29511.19531,29512.51172,28036.0918,28276.23242,28276.23242,13494244190
21/02/2022,28270.22266,28916.5,27169.46289,27271.01758,27271.01758,21537434521
22/02/2022,27266.23047,28226.63867,26857.75195,28175.37695,28175.37695,18760868293
23/02/2022,28174.82813,28781.05469,27469.89453,27535.23828,27535.23828,16130690539
24/02/2022,27521.94531,29088.64258,25537.34766,28667.1582,28667.1582,34688265546
25/02/2022,28668.00781,29592.67578,28479.08203,29247.96484,29247.96484,19799061678
26/02/2022,29247.11719,29838.0293,28866.32422,29166.61328,29166.61328,13028192715
27/02/2022,29161.80273,29669.16406,27948.23047,28200.28125,28200.28125,17536568231
28/02/2022,28197.45313,32618.82617,28061.86133,32180.73047,32180.73047,26590523798
01/03/2022,32181.67578,33406.48438,32029.05469,33260.21094,33260.21094,24355063457
02/03/2022,33262.44531,33790.69141,32596.83398,32787.46484,32787.46484,21783938704
03/03/2022,32788.26953,32892.26172,31408.81641,31797.79102,31797.79102,18701693099
04/03/2022,31802.54883,31829.67773,29318.40234,29588.06836,29588.06836,21558329715
05/03/2022,29596.26758,29912.18945,29315.47852,29786.88086,29786.88086,12833810568
06/03/2022,29789.61328,29968.01367,28888.04492,29080.16211,29080.16211,14945204003
07/03/2022,29087.2168,30041.33789,28431.28516,29024.66602,29024.66602,21768204282
08/03/2022,29023.03711,29913.31445,28951.23828,29573.54102,29573.54102,19678849113
09/03/2022,29577.77734,32275.3125,29545.05859,31841.65625,31841.65625,24485665609
10/03/2022,31834.93945,31895.57617,29479.13477,30099.02344,30099.02344,23719058690
11/03/2022,30100.93945,30564.60547,29292.875,29775.29688,29775.29688,20235158892
12/03/2022,29774.90625,30148.08398,29736.94531,29837.7832,29837.7832,11210218380
13/03/2022,29822.99023,30071.96484,28932.05469,29004.46094,29004.46094,13257682236
14/03/2022,29001.89648,30549.18555,28892.45703,30490.00977,30490.00977,18695324858
15/03/2022,30488.08398,30504.8125,29396.95898,30157.93945,30157.93945,18348307679
16/03/2022,30155.47266,31764.60938,29896.58008,31310.32422,31310.32422,30148275138
17/03/2022,31307.97656,31379.92969,30875.0332,31121.49219,31121.49219,16726460466
18/03/2022,31116.52344,32003.32031,30693.01758,31713.19922,31713.19922,26114539831
19/03/2022,31708.26172,32104.21484,31562.61328,32008.69922,32008.69922,14919094838
20/03/2022,32009.26953,32047.01953,31108.99805,31344.30273,31344.30273,15295266940
21/03/2022,31343.01953,31460.66406,30897.13867,31192.41406,31192.41406,18691714320
22/03/2022,31189.45703,32847.01172,31133.71484,31930.02734,31930.02734,24125074956
23/03/2022,31934.22656,32481.23633,31533.97461,32480.82031,32480.82031,19115294368
24/03/2022,32476.04688,33486.45703,32391.38672,33318.21094,33318.21094,23527639073
25/03/2022,33320.94922,34117.17578,33171.01563,33622.99219,33622.99219,23179991242
26/03/2022,33623.84375,33915.29688,33484.66016,33737.01172,33737.01172,12850496649
27/03/2022,33740.44531,35554.79688,33688.84375,35542.41797,35542.41797,21377522767
28/03/2022,35543.44922,36750.17188,35453.69141,35977.1875,35977.1875,27758630397
29/03/2022,35956.14453,36548.75391,35956.14453,36252.85156,36252.85156,23980100408
30/03/2022,36246.10547,36295.54297,35702.41797,35822.92188,35822.92188,22328219124
31/03/2022,35822.53125,36171.85547,34523.04297,34639.94922,34639.94922,25351207304
01/04/2022,34669.00781,34763.71875,33854.15234,34429.82422,34429.82422,31307028480